"","Team","Player","GoneDate","BackDate"
"15836","Hornets","Frank Kaminsky",2016-06-29,2016-10-01
"15922","Grizzlies","Marc Gasol",2016-10-15,2016-10-26
"15926","Heat","Luke Babbitt",2016-10-15,2016-10-26
"15937","Mavericks","Jose Barea ",2016-10-24,2016-10-26
"15945","Pacers","C.J. Miles",2016-10-24,2016-10-26
"15948","Pelicans","Anthony Davis",2016-10-12,2016-10-26
"15951","Pistons","Aron Baynes",2016-10-19,2016-10-26
"15959","Suns","Brandon Knight",2016-10-12,2016-10-26
"15968","Clippers","Chris Paul",2016-10-16,2016-10-27
"15973","Wizards","Jason Smith",2016-10-24,2016-10-27
"15975","Hornets","Brian Roberts",2016-10-26,2016-10-28
"15976","Jazz","Derrick Favors",2016-10-24,2016-10-28
"15978","Magic","C.J. Watson",2016-07-08,2016-10-28
"15979","Magic","Stephen Zimmerman Jr.",2016-10-26,2016-10-28
"15981","Mavericks","A.J. Hammons",2016-10-26,2016-10-28
"15984","Pacers","Georges Niang",2016-10-26,2016-10-28
"15986","Warriors","Damian Jones",2016-10-25,2016-10-28
"15987","Bucks","Tony Snell",2016-10-26,2016-10-29
"15989","Cavaliers","Kay Felder",2016-10-25,2016-10-29
"15990","Grizzlies","Jarell Martin",2016-10-24,2016-10-29
"15993","Hornets","Frank Kaminsky",2016-10-26,2016-10-29
"15995","Knicks","Maurice N'dour",2016-10-25,2016-10-29
"15997","Magic","Arinze Onuaku",NA,2016-10-29
"16001","Pacers","Rakeem Christmas",2016-10-26,2016-10-29
"16004","Spurs","Dejounte Murray",2016-10-25,2016-10-29
"16006","Grizzlies","Tony Allen",2016-10-26,2016-10-30
"16008","Lakers","Jose Calderon",2016-10-26,2016-10-30
"16011","Spurs"," Tony Parker",2016-10-29,2016-10-30
"16012","Spurs","Manu Ginobili",2016-10-29,2016-10-30
"16014","Warriors","James McAdoo ",2016-10-25,2016-10-30
"16016","Mavericks","Dirk Nowitzki",2016-10-28,2016-10-30
"16019","Kings","Skal Labissiere",2016-10-26,2016-10-31
"16021","Suns","John Jenkins",2016-10-26,2016-10-31
"16031","Magic","Stephen Zimmerman Jr.",2016-10-29,2016-11-01
"16034","Pacers","Aaron Brooks",2016-10-28,2016-11-01
"16037","Spurs","LaMarcus Aldridge",2016-10-30,2016-11-01
"16039","Timberwolves","John Lucas III",2016-10-26,2016-11-01
"16043","Bulls","Jerian Grant",2016-10-27,2016-11-02
"16044","Bulls","R.J. Hunter",2016-10-29,2016-11-02
"16047","Celtics","Marcus Smart",2016-10-26,2016-11-02
"16049","Grizzlies","Marc Gasol",2016-11-01,2016-11-02
"16050","Grizzlies","Mike Conley Jr.",2016-11-01,2016-11-02
"16053","Hornets","Aaron Harrison",2016-10-28,2016-11-02
"16056","Knicks","Ron Baker",2016-10-29,2016-11-02
"16059","Lakers","Ivica Zubac",2016-10-26,2016-11-02
"16060","Lakers","Thomas Robinson",2016-10-30,2016-11-02
"16062","Mavericks","Dirk Nowitzki",2016-10-30,2016-11-02
"16065","Raptors","Lucas Nogueira",2016-10-26,2016-11-02
"16067","Suns","Devin Booker",2016-10-31,2016-11-02
"16070","Kings","Omri Casspi",2016-10-31,2016-11-03
"16073","Nuggets","Darrell Arthur",2016-10-26,2016-11-03
"16074","Rockets","Chinanu Onuaku",2016-11-01,2016-11-03
"16077","Bulls","Doug McDermott",2016-11-02,2016-11-04
"16079","Clippers","Paul Pierce",2016-10-27,2016-11-04
"16080","Heat","Josh Richardson",2016-09-08,2016-11-04
"16082","Knicks","Willy Hernangomez",2016-11-02,2016-11-04
"16084","Lakers","Timofey Mozgov",2016-11-02,2016-11-04
"16086","Mavericks","A.J. Hammons",2016-10-30,2016-11-04
"16089","Nets","Randy Foye",2016-10-26,2016-11-04
"16091","Spurs","Davis Bertans",2016-11-01,2016-11-04
"16093","Bucks","Steve Novak",2016-11-01,2016-11-05
"16095","Cavaliers","Kay Felder",2016-11-01,2016-11-05
"16098","Kings","Giorgios Papagiannis ",2016-10-26,2016-11-05
"16099","Kings","Omri Casspi",2016-10-31,2016-11-05
"16100","Magic","Stephen Zimmerman Jr.",2016-11-03,2016-11-05
"16102","Nuggets","Gary Harris",2016-10-26,2016-11-05
"16106","Wizards","Danuel House",2016-10-30,2016-11-05
"16108","Bucks","Jason Terry",2016-11-05,2016-11-06
"16109","Grizzlies","Chandler Parsons",2016-10-26,2016-11-06
"16111","Jazz","Gordon Hayward",2016-10-25,2016-11-06
"16113","Kings","Rudy Gay",2016-11-05,2016-11-06
"16115","Knicks","Lance Thomas",2016-11-04,2016-11-06
"16117","Lakers","Marcelo Huertas",2016-11-04,2016-11-06
"16121","Hornets","Christian Wood",2016-11-02,2016-11-07
"16128","Warriors","Patrick McCaw",2016-10-30,2016-11-07
"16130","Wizards","John Wall ",2016-11-05,2016-11-07
"16131","Pistons","Reggie Bullock",2016-10-26,2016-11-07
"16134","Grizzlies","Chandler Parsons",2016-10-26,2016-11-08
"16136","Kings","Anthony Tolliver",2016-11-05,2016-11-08
"16138","Lakers","Ron Artest",2016-11-02,2016-11-08
"16141","Nuggets","Jarnell Stokes",2016-11-05,2016-11-08
"16142","Suns","John Jenkins",2016-11-02,2016-11-08
"16145","Blazers","Tim Quarterman",2016-10-25,2016-11-09
"16146","Celtics","Kelly Olynyk",2016-10-26,2016-11-09
"16148","Knicks","Maurice N'dour",2016-11-06,2016-11-09
"16149","Magic","Stephen Zimmerman Jr.",2016-11-03,2016-11-09
"16157","Spurs","Danny Green",2016-10-25,2016-11-09
"16159","Nets","Greivis Vasquez",2016-11-04,2016-11-09
"16160","Kings","Anthony Tolliver",2016-11-05,2016-11-10
"16163","Lakers","Larry Nance Jr.",2016-11-08,2016-11-10
"16165","Warriors","Anderson Varejao",2016-11-07,2016-11-10
"16168","Hornets","Roy Hibbert",2016-10-29,2016-11-11
"16170","Knicks","Ron Baker",2016-11-09,2016-11-11
"16172","Raptors","Jonas Valanciunas",2016-11-06,2016-11-11
"16173","Raptors","Terrence Ross",2016-11-09,2016-11-11
"16174","Rockets","Chinanu Onuaku",2016-11-09,2016-11-11
"16177","Spurs"," Tony Parker",2016-11-04,2016-11-11
"16178","Spurs","Bryn Forbes",2016-11-09,2016-11-11
"16180","Wizards","Danuel House",2016-11-07,2016-11-11
"16184","Clippers","Diamond Stone",2016-11-04,2016-11-12
"16185","Heat","Josh McRoberts",2016-10-24,2016-11-12
"16188","Knicks","Maurice N'dour",2016-11-11,2016-11-12
"16191","Nuggets","Wilson Chandler",2016-11-08,2016-11-12
"16193","Pacers","Rakeem Christmas",2016-11-01,2016-11-12
"16195","Spurs","Danny Green",2016-11-11,2016-11-12
"16197","Timberwolves","Ricky Rubio",2016-11-01,2016-11-12
"16199","Nets","Isaiah Whitehead",2016-11-09,2016-11-12
"16200","Wizards","Bradley Beal",2016-11-11,2016-11-12
"16204","Cavaliers","DeAndre Liggins",2016-11-05,2016-11-13
"16206","Hornets","Michael Kidd-Gilchrist",2016-11-11,2016-11-13
"16208","Lakers","Ivica Zubac",2016-11-10,2016-11-13
"16209","Magic","Stephen Zimmerman Jr.",2016-11-11,2016-11-13
"16214","Timberwolves","Brandon Rush",2016-11-12,2016-11-13
"16218","Jazz","Boris Diaw",2016-11-06,2016-11-14
"16220","Knicks","Ron Baker",2016-11-12,2016-11-14
"16222","Mavericks","Andrew Bogut",2016-11-09,2016-11-14
"16223","Mavericks","Jose Barea ",2016-11-09,2016-11-14
"16224","Mavericks","Wes Matthews Jr.",2016-11-09,2016-11-14
"16225","Nets","Chris McCullough",2016-11-12,2016-11-14
"16227","Pacers","Paul George",2016-11-12,2016-11-14
"16230","Pistons","Henry Ellenson",2016-11-07,2016-11-14
"16231","Rockets","Chinanu Onuaku",2016-11-13,2016-11-14
"16233","Spurs","Dejounte Murray",2016-11-12,2016-11-14
"16236","Bulls","R.J. Hunter",2016-11-04,2016-11-15
"16240","Lakers","Marcelo Huertas",2016-11-13,2016-11-15
"16242","Nets","Isaiah Whitehead",2016-11-12,2016-11-15
"16245","Timberwolves","Zach LaVine",2016-11-13,2016-11-15
"16246","Nuggets","Jarnell Stokes",2016-11-12,2016-11-15
"16252","Magic","Stephen Zimmerman Jr.",2016-11-14,2016-11-16
"16253","Mavericks","Deron Williams",2016-11-06,2016-11-16
"16256","Pelicans","E'Twaun Moore",2016-11-14,2016-11-16
"16257","Pistons","Andre Drummond",2016-11-14,2016-11-16
"16258","Raptors","DeMarre Carroll",2016-11-15,2016-11-16
"16261","Spurs","Bryn Forbes",2016-11-14,2016-11-16
"16263","Wizards","John Wall ",2016-11-12,2016-11-16
"16265","Heat","Goran Dragic",2016-11-11,2016-11-17
"16268","Jazz","Rodney Hood",2016-11-14,2016-11-17
"16272","Rockets","Patrick Beverley",2016-10-26,2016-11-17
"16273","Wizards","Bradley Beal",2016-11-12,2016-11-17
"16275","Cavaliers","J.R. Smith",2016-11-13,2016-11-18
"16276","Cavaliers","LeBron James",2016-11-16,2016-11-18
"16278","Grizzlies","Tony Allen",2016-11-08,2016-11-18
"16279","Hawks","Dwight Howard",2016-11-16,2016-11-18
"16282","Lakers","Ron Artest",2016-11-10,2016-11-18
"16286","Pacers","Rodney Stuckey",2016-10-29,2016-11-18
"16287","Pelicans","Anthony Davis",2016-11-16,2016-11-18
"16288","Pistons","Reggie Bullock",2016-11-07,2016-11-18
"16290","Spurs","Nicolas Laprovittola",2016-11-11,2016-11-18
"16292","Suns","John Jenkins",2016-11-16,2016-11-18
"16295","Warriors","James McAdoo ",2016-11-10,2016-11-18
"16296","Hornets","Jeremy Lamb",2016-11-02,2016-11-18
"16300","Bucks","Steve Novak",2016-11-06,2016-11-19
"16301","Bulls","Rajon Rondo",2016-11-15,2016-11-19
"16304","Celtics","Al Horford",2016-11-02,2016-11-19
"16305","Celtics","Jae Crowder",2016-11-03,2016-11-19
"16307","Grizzlies","Troy Daniels",2016-11-18,2016-11-19
"16312","Suns","Derrick Jones Jr.",2016-10-26,2016-11-19
"16314","Timberwolves","Shabazz Muhammad",2016-11-13,2016-11-19
"16316","Warriors","Anderson Varejao",2016-11-18,2016-11-19
"16322","Lakers","D'Angelo Russell",2016-11-18,2016-11-20
"16323","Nuggets","Darrell Arthur",2016-11-08,2016-11-20
"16324","Nuggets","Will Barton",2016-11-03,2016-11-20
"16328","Raptors","Delon Wright",2016-10-26,2016-11-20
"16330","Thunder","Josh Huestis",2016-10-26,2016-11-20
"16331","Knicks","Marshall Plumlee",2016-10-25,2016-11-20
"16333","76ers","Jerryd Bayless",2016-10-26,2016-11-21
"16335","Clippers","Wes Johnson",2016-11-12,2016-11-21
"16338","Hornets","Aaron Harrison",2016-11-13,2016-11-21
"16343","Pacers","Kevin Seraphin",2016-11-20,2016-11-21
"16346","Rockets","Montrezl Harrell",2016-11-19,2016-11-21
"16350","Timberwolves","Brandon Rush",2016-11-19,2016-11-21
"16352","Warriors","James McAdoo ",2016-11-19,2016-11-21
"16353","Hornets","Christian Wood",2016-11-18,2016-11-21
"16355","Pacers","Rakeem Christmas",2016-11-14,2016-11-21
"16356","Spurs","Bryn Forbes",2016-11-18,2016-11-21
"16357","Bulls","Dwyane Wade",2016-11-20,2016-11-22
"16358","Hawks","Thabo Sefolosha",2016-11-16,2016-11-22
"16360","Lakers","Ron Artest",2016-11-20,2016-11-22
"16362","Thunder","Semaj Christon",2016-11-20,2016-11-22
"16363","Lakers","Ivica Zubac",2016-11-18,2016-11-22
"16369","Hornets","Christian Wood",2016-11-21,2016-11-23
"16370","Hornets","Jeremy Lamb",2016-11-18,2016-11-23
"16371","Hornets","Treveon Graham",2016-11-21,2016-11-23
"16372","Jazz","George Hill",2016-11-07,2016-11-23
"16376","Mavericks","Andrew Bogut",2016-11-21,2016-11-23
"16377","Mavericks","Dirk Nowitzki",2016-11-06,2016-11-23
"16381","Pacers","Myles Turner",2016-11-21,2016-11-23
"16382","Pacers","Paul George",2016-11-18,2016-11-23
"16384","Raptors","DeMarre Carroll",2016-11-21,2016-11-23
"16385","Rockets","Chinanu Onuaku",2016-11-16,2016-11-23
"16387","Spurs","Nicolas Laprovittola",2016-11-21,2016-11-23
"16390","Warriors","Anderson Varejao",2016-11-21,2016-11-23
"16394","76ers","Gerald Henderson Jr.",2016-11-23,2016-11-25
"16395","76ers","Richaun Holmes",2016-11-23,2016-11-25
"16396","76ers","Timothe Luwawu-Cabarrot",2016-11-21,2016-11-25
"16398","Bucks","Rashad Vaughn",2016-11-19,2016-11-25
"16400","Cavaliers","Kay Felder",2016-11-18,2016-11-25
"16401","Hawks","Kyle Korver",2016-11-23,2016-11-25
"16404","Hornets","Cody Zeller",2016-11-21,2016-11-25
"16406","Knicks","Joakim Noah",2016-11-20,2016-11-25
"16408","Magic","Stephen Zimmerman Jr.",2016-11-23,2016-11-25
"16409","Mavericks","Deron Williams",2016-11-18,2016-11-25
"16415","Pacers","Joe Young",2016-11-23,2016-11-25
"16416","Pacers","Kevin Seraphin",2016-11-23,2016-11-25
"16418","Pistons","Michael Gbinije",2016-11-07,2016-11-25
"16421","Warriors","James McAdoo ",2016-11-23,2016-11-25
"16423","Nuggets","Gary Harris",2016-11-16,2016-11-25
"16430","Hornets","Christian Wood",2016-11-25,2016-11-26
"16432","Spurs","Bryn Forbes",2016-11-23,2016-11-26
"16435","Warriors","Anderson Varejao",2016-11-25,2016-11-26
"16437","Wizards","Ian Mahinmi",2016-10-27,2016-11-26
"16439","76ers","Joel Embiid",2016-11-25,2016-11-27
"16441","Bucks","Steve Novak",2016-11-25,2016-11-27
"16444","Lakers","Nick Young",2016-11-25,2016-11-27
"16449","Pelicans","Alex Ajinca",2016-11-17,2016-11-27
"16451","Rockets","Chinanu Onuaku",2016-11-25,2016-11-27
"16452","Rockets","Kyle Wiltjer",2016-11-17,2016-11-27
"16454","Nuggets","Will Barton",2016-11-25,2016-11-27
"16457","Celtics","Jordan Mickey",2016-11-19,2016-11-28
"16460","Heat","Goran Dragic",2016-11-25,2016-11-28
"16461","Heat","Wayne Ellington",2016-10-26,2016-11-28
"16463","Hornets","Aaron Harrison",2016-11-23,2016-11-28
"16464","Hornets","Nicolas Batum",2016-11-26,2016-11-28
"16466","Raptors","Bruno Caboclo",2016-11-20,2016-11-28
"16468","Warriors","Draymond Green",2016-11-26,2016-11-28
"16469","Warriors","Ian Clark",2016-11-26,2016-11-28
"16471","Wizards","Daniel Ochefu",2016-11-26,2016-11-28
"16472","Cavaliers","Iman Shumpert",2016-11-27,2016-11-29
"16476","Lakers","Julius Randle",2016-11-23,2016-11-29
"16478","Magic","Jeff Green",2016-11-27,2016-11-29
"16479","Nets","Rondae Hollis-Jefferson",2016-11-25,2016-11-29
"16482","Rockets","Bobby Brown",2016-11-27,2016-11-29
"16485","Spurs","Dewayne Dedmon",2016-11-16,2016-11-29
"16486","Spurs","Manu Ginobili",2016-11-26,2016-11-29
"16489","Hawks"," Mike Scott",2016-10-27,2016-11-30
"16491","Heat","Tyler Johnson",2016-11-28,2016-11-30
"16492","Heat","Willie Reed",2016-11-20,2016-11-30
"16495","Knicks","Marshall Plumlee",2016-11-25,2016-11-30
"16498","Mavericks","Devin Harris",2016-10-26,2016-11-30
"16500","Nuggets","Danilo Gallinari",2016-11-23,2016-11-30
"16501","Nuggets","Juan Hernangomez",2016-11-25,2016-11-30
"16503","Pacers","Rakeem Christmas",2016-11-25,2016-11-30
"16507","Spurs","Bryn Forbes",2016-11-29,2016-11-30
"16508","Spurs","Nicolas Laprovittola",2016-11-29,2016-11-30
"16509","Suns","Jared Dudley",2016-11-27,2016-11-30
"16511","Timberwolves","John Lucas III",2016-10-26,2016-11-30
"16514","Clippers","Blake Griffin",2016-11-29,2016-12-01
"16521","Rockets","Kyle Wiltjer",2016-11-29,2016-12-01
"16523","Warriors","James McAdoo ",2016-11-28,2016-12-01
"16524","Bucks","Rashad Vaughn",2016-11-27,2016-12-01
"16526","76ers","Joel Embiid",2016-11-28,2016-12-02
"16530","Knicks","Lance Thomas",2016-11-14,2016-12-02
"16531","Magic","Jodie Meeks",2016-10-26,2016-12-02
"16533","Nuggets","Darrell Arthur",2016-11-30,2016-12-02
"16534","Nuggets","Will Barton",2016-11-27,2016-12-02
"16536","Pistons","Reggie Jackson ",2016-10-26,2016-12-02
"16541","Spurs","Manu Ginobili",2016-11-30,2016-12-02
"16542","Spurs","Pau Gasol",2016-11-30,2016-12-02
"16546","Bulls","Paul Zipser",2016-11-20,2016-12-03
"16548","Hawks","DeAndre Bembry",2016-11-30,2016-12-03
"16549","Heat","Derrick Williams",2016-12-01,2016-12-03
"16551","Mavericks","Andrew Bogut",2016-12-01,2016-12-03
"16553","Raptors","DeMarre Carroll",2016-12-02,2016-12-03
"16555","Warriors","Anderson Varejao",2016-12-01,2016-12-03
"16556","Jazz","Rodney Hood",2016-12-01,2016-12-03
"16557","Clippers","J.J. Redick",2016-12-02,2016-12-04
"16558","Knicks","Joakim Noah",2016-11-30,2016-12-04
"16561","Pacers","C.J. Miles",2016-11-21,2016-12-04
"16562","Pacers","Kevin Seraphin",2016-11-30,2016-12-04
"16563","Pacers","Paul George",2016-11-25,2016-12-04
"16565","Pistons","Henry Ellenson",2016-12-02,2016-12-04
"16566","Pistons","Reggie Jackson ",2016-10-26,2016-12-04
"16569","76ers","Joel Embiid",2016-12-03,2016-12-05
"16571","Blazers","Al-Farouq Aminu",2016-11-09,2016-12-05
"16572","Bulls","Dwyane Wade",2016-12-03,2016-12-05
"16575","Cavaliers","Mike Dunleavy Jr.",2016-12-01,2016-12-05
"16578","Hawks","Paul Millsap",2016-12-03,2016-12-05
"16581","Nets","Trevor Booker",2016-12-03,2016-12-05
"16585","Spurs"," Tony Parker",2016-12-02,2016-12-05
"16587","Warriors","James McAdoo ",2016-12-03,2016-12-05
"16588","Bulls","Doug McDermott",2016-11-15,2016-12-05
"16589","Grizzlies","Brandan Wright",2016-11-16,2016-12-05
"16591","Nets","Caris LeVert",2016-10-26,2016-12-05
"16592","Celtics","Jordan Mickey",2016-12-02,2016-12-05
"16594","Lakers","Ivica Zubac",2016-11-18,2016-12-05
"16602","Knicks","Courtney Lee",2016-12-02,2016-12-06
"16606","Pistons","Henry Ellenson",2016-12-02,2016-12-06
"16609","Spurs","Bryn Forbes",2016-12-02,2016-12-06
"16611","Timberwolves","Brandon Rush",2016-11-30,2016-12-06
"16613","Cavaliers","Kay Felder",2016-12-05,2016-12-07
"16615","Celtics","Demetrius Jackson",2016-11-19,2016-12-07
"16617","Hawks","DeAndre Bembry",2016-12-05,2016-12-07
"16619","Hornets","Marvin Williams",2016-11-26,2016-12-07
"16622","Knicks","Maurice N'dour",2016-12-04,2016-12-07
"16623","Lakers","Larry Nance Jr.",2016-12-03,2016-12-07
"16624","Nets","Caris LeVert",2016-12-05,2016-12-07
"16625","Nets","Yogi Ferrell",2016-12-05,2016-12-07
"16628","Nuggets","Nikola Jokic",2016-12-02,2016-12-07
"16632","76ers","Joel Embiid",2016-12-06,2016-12-08
"16633","76ers","Robert Covington",2016-12-03,2016-12-08
"16635","Blazers","Tim Quarterman",2016-12-05,2016-12-08
"16637","Bulls","Doug McDermott",2016-11-15,2016-12-08
"16640","Nuggets","Malik Beasley",2016-12-07,2016-12-08
"16642","Spurs"," Tony Parker",2016-12-06,2016-12-08
"16645","Warriors","Anderson Varejao",2016-12-05,2016-12-08
"16646","Warriors","Damian Jones",2016-10-25,2016-12-08
"16648","Celtics","James Young",2016-12-05,2016-12-09
"16651","Knicks","Marshall Plumlee",2016-12-06,2016-12-09
"16652","Mavericks","Seth Curry",2016-12-01,2016-12-09
"16656","Timberwolves","John Lucas III",2016-12-06,2016-12-09
"16660","Blazers","Moe Harkless",2016-12-08,2016-12-10
"16661","Cavaliers","J.R. Smith",2016-12-07,2016-12-10
"16663","Heat","Josh Richardson",2016-11-30,2016-12-10
"16664","Jazz","Gordon Hayward",2016-12-08,2016-12-10
"16665","Kings","Matt Barnes",2016-12-09,2016-12-10
"16670","Nuggets","Emmanuel Mudiay",2016-12-08,2016-12-10
"16675","Warriors","James McAdoo ",2016-12-08,2016-12-10
"16676","Warriors","Shaun Livingston",2016-12-08,2016-12-10
"16677","Magic","Stephen Zimmerman Jr.",2016-11-29,2016-12-10
"16680","76ers","Jahlil Okafor",2016-12-05,2016-12-11
"16681","76ers","Nerlens Noel",2016-10-26,2016-12-11
"16684","Knicks","Derrick Rose",2016-12-07,2016-12-11
"16686","Lakers","D'Angelo Russell",2016-11-22,2016-12-11
"16687","Lakers","Nick Young",2016-11-30,2016-12-11
"16688","Pelicans","E'Twaun Moore",2016-12-05,2016-12-11
"16689","Pelicans","Jrue Holiday",2016-12-05,2016-12-11
"16691","Pistons","Michael Gbinije",2016-12-06,2016-12-11
"16694","Warriors","Andre Iguodala",2016-12-10,2016-12-11
"16695","Warriors","Kevon Looney",2016-12-10,2016-12-11
"16696","Blazers","Al-Farouq Aminu",2016-12-10,2016-12-12
"16697","Clippers","Blake Griffin",2016-12-10,2016-12-12
"16698","Heat","James Johnson",2016-12-05,2016-12-12
"16701","Nets","Jeremy Lin",2016-11-04,2016-12-12
"16703","Nuggets","Wilson Chandler",2016-12-10,2016-12-12
"16705","Raptors","DeMarre Carroll",2016-12-09,2016-12-12
"16707","Pacers","Georges Niang",2016-12-04,2016-12-12
"16709","Blazers","Tim Quarterman",2016-12-10,2016-12-13
"16711","Bulls","R.J. Hunter",2016-12-08,2016-12-13
"16714","Grizzlies","Vince Carter",2016-11-29,2016-12-13
"16716","Hawks","Kent Bazemore",2016-12-07,2016-12-13
"16718","Knicks","Kyle O'Quinn",2016-12-11,2016-12-13
"16720","Rockets","Chinanu Onuaku",2016-12-02,2016-12-13
"16723","Timberwolves","Nemanja Bjelica",2016-12-09,2016-12-13
"16725","Warriors","Damian Jones",2016-12-11,2016-12-13
"16727","76ers","Joel Embiid",2016-12-10,2016-12-14
"16728","76ers","Sergio Rodriguez",2016-12-11,2016-12-14
"16733","Celtics","Jordan Mickey",2016-12-09,2016-12-14
"16735","Clippers","Austin Rivers",2016-12-11,2016-12-14
"16737","Grizzlies","Marc Gasol",2016-12-13,2016-12-14
"16738","Heat","Justise Winslow",2016-11-15,2016-12-14
"16739","Heat","Luke Babbitt",2016-12-06,2016-12-14
"16741","Jazz","Derrick Favors",2016-11-17,2016-12-14
"16742","Jazz","Rodney Hood",2016-12-07,2016-12-14
"16746","Kings","Malachi Richardson",2016-11-08,2016-12-14
"16747","Kings","Matt Barnes",2016-12-12,2016-12-14
"16748","Kings","Skal Labissiere",2016-10-26,2016-12-14
"16750","Magic","C.J. Wilcox",2016-12-13,2016-12-14
"16752","Nets","Justin Hamilton ",2016-12-12,2016-12-14
"16755","Pistons","Kentavious Caldwell-Pope",2016-12-11,2016-12-14
"16759","Spurs","Bryn Forbes",2016-12-08,2016-12-14
"16763","Bucks","Steve Novak",2016-12-01,2016-12-15
"16765","Bulls","Rajon Rondo",2016-12-13,2016-12-15
"16768","Knicks","Marshall Plumlee",2016-12-13,2016-12-15
"16769","Knicks","Maurice N'dour",2016-12-09,2016-12-15
"16771","Nuggets","Gary Harris",2016-11-27,2016-12-15
"16774","Pelicans","Tyreke Evans",2016-10-26,2016-12-15
"16777","Warriors","James McAdoo ",2016-12-13,2016-12-15
"16778","Suns","Derrick Jones Jr.",2016-11-25,2016-12-15
"16780","76ers","Nerlens Noel",2016-12-14,2016-12-16
"16783","Celtics","Isaiah Thomas",2016-12-07,2016-12-16
"16785","Grizzlies","Mike Conley Jr.",2016-12-06,2016-12-16
"16788","Kings","Ben McLemore",2016-12-14,2016-12-16
"16790","Lakers","Tarik Black",2016-12-11,2016-12-16
"16793","Magic","Nikola Vucevic",2016-12-10,2016-12-16
"16795","Nets","Jeremy Lin",2016-12-14,2016-12-16
"16798","Pelicans","Tim Frazier",2016-12-15,2016-12-16
"16799","Raptors","Lucas Nogueira",2016-12-14,2016-12-16
"16800","Rockets","Chinanu Onuaku",2016-12-14,2016-12-16
"16801","Wizards","Markieff Morris",2016-12-14,2016-12-16
"16804","Cavaliers","Kevin Love",2016-12-14,2016-12-17
"16805","Cavaliers","Kyrie Irving",2016-12-13,2016-12-17
"16806","Cavaliers","LeBron James",2016-12-14,2016-12-17
"16808","Hawks"," Mike Scott",2016-12-13,2016-12-17
"16810","Hornets","Kemba Walker",2016-05-09,2016-12-17
"16812","Knicks","Carmelo Anthony",2016-12-15,2016-12-17
"16815","Lakers","Ivica Zubac",2016-12-16,2016-12-17
"16816","Nuggets","Darrell Arthur",2016-12-12,2016-12-17
"16820","Suns","Alex Len",2016-12-15,2016-12-17
"16821","Suns","T.J. Warren",2016-11-23,2016-12-17
"16823","Warriors","Zaza Pachulia",2016-12-11,2016-12-17
"16824","Pistons","Henry Ellenson",2016-12-14,2016-12-17
"16826","76ers","Hollis Thompson",2016-12-16,2016-12-18
"16828","Celtics","Gerald Green ",2016-12-14,2016-12-18
"16829","Clippers","Luc Mbah a Moute",2016-12-14,2016-12-18
"16830","Grizzlies","James Ennis",2016-11-23,2016-12-18
"16831","Heat","Tyler Johnson",2016-12-16,2016-12-18
"16832","Kings","Omri Casspi",2016-12-16,2016-12-18
"16834","Nets","Justin Hamilton ",2016-12-16,2016-12-18
"16835","Pelicans","Dante Cunningham",2016-11-24,2016-12-18
"16836","Pelicans","Tyreke Evans",2016-12-16,2016-12-18
"16838","Spurs","LaMarcus Aldridge",2016-12-14,2016-12-18
"16845","Hawks","DeAndre Bembry",2016-12-17,2016-12-19
"16848","Mavericks","Jose Barea ",2016-11-23,2016-12-19
"16850","Pistons","Jon Leuer",2016-12-17,2016-12-19
"16853","Thunder","Josh Huestis",2016-11-22,2016-12-19
"16854","Wizards","Jason Smith",2016-12-18,2016-12-19
"16855","Wizards","Kelly Oubre Jr.",2016-12-18,2016-12-19
"16856","76ers","Nik Stauskas",2016-12-18,2016-12-20
"16859","Celtics","Jordan Mickey",2016-12-18,2016-12-20
"16863","Knicks","Derrick Rose",2016-12-15,2016-12-20
"16865","Lakers","D'Angelo Russell",2016-12-17,2016-12-20
"16868","Nets","Spencer Dinwiddie",2016-12-18,2016-12-20
"16870","Raptors","Cory Joseph",2016-12-18,2016-12-20
"16872","Rockets","Chinanu Onuaku",2016-12-14,2016-12-20
"16874","Warriors","Anderson Varejao",2016-12-17,2016-12-20
"16875","Clippers","Diamond Stone",2016-11-21,2016-12-20
"16878","Blazers","Al-Farouq Aminu",2016-12-13,2016-12-21
"16881","Grizzlies","Chandler Parsons",2016-11-19,2016-12-21
"16887","Pelicans","Tyreke Evans",2016-12-20,2016-12-21
"16889","Celtics","James Young",2016-12-20,2016-12-22
"16891","Magic","Stephen Zimmerman Jr.",2016-12-16,2016-12-22
"16893","Nets","Brook Lopez",2016-12-20,2016-12-22
"16897","Warriors","James McAdoo ",2016-12-20,2016-12-22
"16898","Spurs","Bryn Forbes",2016-12-18,2016-12-22
"16899","Spurs","Dejounte Murray",2016-12-05,2016-12-22
"16905","Cavaliers","Kevin Love",2016-12-19,2016-12-23
"16908","Jazz","Rodney Hood",2016-12-21,2016-12-23
"16909","Kings","Omri Casspi",2016-12-20,2016-12-23
"16911","Lakers","Jose Calderon",2016-12-05,2016-12-23
"16913","Magic","C.J. Wilcox",2016-12-16,2016-12-23
"16914","Magic","Jodie Meeks",2016-10-26,2016-12-23
"16916","Mavericks","Dirk Nowitzki",2016-11-30,2016-12-23
"16918","Nets","Chris McCullough",2016-12-07,2016-12-23
"16920","Pelicans","Reggie Williams",2016-12-21,2016-12-23
"16923","Spurs","Nicolas Laprovittola",2016-12-22,2016-12-23
"16925","Bucks","Michael Beasley",2016-12-15,2016-12-23
"16926","Lakers","Tarik Black",2016-12-20,2016-12-23
"16933","Spurs"," Tony Parker",2016-12-23,2016-12-25
"16934","Spurs","Manu Ginobili",2016-12-22,2016-12-25
"16935","Spurs","Pau Gasol",2016-12-23,2016-12-25
"16936","76ers","Nik Stauskas",2016-12-23,2016-12-26
"16938","Blazers","Evan Turner",2016-12-21,2016-12-26
"16941","Bucks","Michael Beasley",2016-12-23,2016-12-26
"16943","Bulls","Michael Carter-Williams",2016-11-25,2016-12-26
"16947","Hawks","Dwight Howard",2016-12-19,2016-12-26
"16948","Hawks","Kyle Korver",2016-12-23,2016-12-26
"16950","Kings","Rudy Gay",2016-12-14,2016-12-26
"16953","Nets","Isaiah Whitehead",2016-12-22,2016-12-26
"16954","Nets","Trevor Booker",2016-12-23,2016-12-26
"16955","Pacers","Rodney Stuckey",2016-12-15,2016-12-26
"16957","Pelicans","Terrence Jones",2016-12-23,2016-12-26
"16959","Pistons","Michael Gbinije",2016-12-19,2016-12-26
"16962","Celtics","Jordan Mickey",2016-12-22,2016-12-27
"16967","Heat","Rodney McGruder",2016-12-19,2016-12-27
"16968","Heat","Wayne Ellington",2016-12-17,2016-12-27
"16970","Mavericks","Andrew Bogut",2016-12-19,2016-12-27
"16974","Rockets","Bobby Brown",2016-12-16,2016-12-27
"16977","Bucks","Steve Novak",2016-12-26,2016-12-28
"16979","Bulls","Doug McDermott",2016-12-26,2016-12-28
"16980","Clippers","Chris Paul",2016-12-23,2016-12-28
"16981","Hawks","Tim Hardaway Jr.",2016-12-26,2016-12-28
"16983","Kings","Giorgios Papagiannis ",2016-11-06,2016-12-28
"16985","Knicks","Marshall Plumlee",2016-12-17,2016-12-28
"16988","Nets","Spencer Dinwiddie",2016-12-26,2016-12-28
"16990","Pacers","Monta Ellis",2016-12-12,2016-12-28
"16992","Pistons","Boban Marjanovic",2016-12-26,2016-12-28
"16997","Cavaliers","LeBron James",2016-12-26,2016-12-29
"16999","Celtics","James Young",2016-12-27,2016-12-29
"17001","Grizzlies","Chandler Parsons",2016-12-27,2016-12-29
"17002","Grizzlies","Wade Baldwin IV",2016-12-16,2016-12-29
"17003","Heat","Goran Dragic",2016-12-27,2016-12-29
"17005","Jazz","George Hill",2016-12-14,2016-12-29
"17006","Lakers","Ron Artest",2016-12-25,2016-12-29
"17008","Mavericks","A.J. Hammons",2016-12-27,2016-12-29
"17014","Bucks","Mirza Teletovic",2016-12-26,2016-12-30
"17017","Clippers","J.J. Redick",2016-12-26,2016-12-30
"17020","Mavericks","Dirk Nowitzki",2016-12-29,2016-12-30
"17022","Rockets","Patrick Beverley",2016-12-27,2016-12-30
"17024","Warriors","James McAdoo ",2016-12-23,2016-12-30
"17025","Wizards","Daniel Ochefu",2016-12-28,2016-12-30
"17028","Knicks","Courtney Lee",2016-12-28,2016-12-30
"17029","Knicks","Maurice N'dour",2016-12-20,2016-12-30
"17033","Warriors","Damian Jones",2016-12-15,2016-12-30
"17037","Grizzlies","Mike Conley Jr.",2016-12-27,2016-12-31
"17041","Knicks","Maurice N'dour",2016-12-30,2016-12-31
"17045","Thunder","Victor Oladipo",2016-12-19,2016-12-31
"17046","Hornets","Aaron Harrison",2016-12-07,2016-12-31
"17047","Knicks","Marshall Plumlee",2016-12-30,2016-12-31
"17048","Knicks","Ron Baker",2016-12-30,2016-12-31
"17055","Lakers","Ivica Zubac",2016-12-29,2017-01-01
"17057","Magic","Arinze Onuaku",NA,2017-01-01
"17059","Pistons","Marcus Morris",2016-12-30,2017-01-01
"17060","Spurs","Kawhi Leonard",2016-12-28,2017-01-01
"17062","Bulls","Paul Zipser",2016-12-28,2017-01-02
"17065","Hornets","Christian Wood",2016-11-28,2017-01-02
"17066","Jazz","Alec Burks",2016-11-01,2017-01-02
"17068","Knicks","Courtney Lee",2016-12-30,2017-01-02
"17069","Knicks","Kyle O'Quinn",2016-12-31,2017-01-02
"17070","Magic","Damjan Rudez",2016-12-31,2017-01-02
"17071","Nets","Joe Harris",2016-12-28,2017-01-02
"17074","Nuggets","Alonzo Gee",2016-12-15,2017-01-02
"17075","Nuggets","Malik Beasley",2016-12-10,2017-01-02
"17078","Warriors","Anderson Varejao",2016-12-30,2017-01-02
"17079","Wizards","Bradley Beal",2016-12-28,2017-01-02
"17081","76ers","Jahlil Okafor",2016-12-30,2017-01-03
"17085","Celtics","Avery Bradley",2016-12-30,2017-01-03
"17086","Celtics","Demetrius Jackson",2016-12-16,2017-01-03
"17087","Celtics","Jordan Mickey",2016-12-29,2017-01-03
"17090","Heat","Goran Dragic",2016-12-30,2017-01-03
"17093","Kings","Arron Afflalo",2016-12-26,2017-01-03
"17095","Mavericks","Andrew Bogut",2016-12-30,2017-01-03
"17097","Nuggets","Darrell Arthur",2017-01-02,2017-01-03
"17101","Kings","Rudy Gay",2016-12-28,2017-01-03
"17103","Bucks","Miles Plumlee",2016-12-31,2017-01-04
"17105","Bulls","Dwyane Wade",2017-01-02,2017-01-04
"17107","Cavaliers","Mike Dunleavy Jr.",2016-12-31,2017-01-04
"17110","Heat","Dion Waiters",2016-11-28,2017-01-04
"17111","Heat","James Johnson",2017-01-03,2017-01-04
"17112","Heat","Tyler Johnson",2017-01-03,2017-01-04
"17113","Hornets","Marco Belinelli",2016-12-31,2017-01-04
"17114","Kings","Ty Lawson",2017-01-01,2017-01-04
"17115","Knicks","Marshall Plumlee",2017-01-02,2017-01-04
"17116","Magic","Evan Fournier",2016-12-23,2017-01-04
"17119","Warriors","Patrick McCaw",2016-12-30,2017-01-04
"17120","76ers","Richaun Holmes",2016-12-23,2017-01-04
"17121","Grizzlies","Troy Williams",2016-12-29,2017-01-04
"17125","Blazers","Damian Lillard",2016-12-26,2017-01-05
"17129","Jazz","Dante Exum",2016-12-29,2017-01-05
"17132","Lakers","Ron Artest",2017-01-01,2017-01-05
"17134","Nuggets","Alonzo Gee",2017-01-03,2017-01-05
"17135","Pacers","Rakeem Christmas",2016-12-04,2017-01-05
"17138","Rockets","Patrick Beverley",2016-12-31,2017-01-05
"17139","Suns","Brandon Knight",2017-01-03,2017-01-05
"17140","Nuggets","Kenneth Faried",2017-01-02,2017-01-05
"17143","Rockets","Chinanu Onuaku",2016-12-27,2017-01-05
"17144","76ers","Gerald Henderson Jr.",2016-12-27,2017-01-06
"17147","Cavaliers","Kevin Love",2017-01-04,2017-01-06
"17148","Cavaliers","Kyrie Irving",2016-12-31,2017-01-06
"17150","Clippers","Chris Paul",2016-12-30,2017-01-06
"17151","Grizzlies","JaMychal Green",2017-01-04,2017-01-06
"17153","Kings","Rudy Gay",2017-01-03,2017-01-06
"17154","Knicks","Kristaps Porzingis",2016-12-31,2017-01-06
"17155","Lakers","Luol Deng",2017-01-05,2017-01-06
"17156","Nets","Rondae Hollis-Jefferson",2017-01-04,2017-01-06
"17159","Timberwolves","John Lucas III",2016-12-13,2017-01-06
"17161","Warriors","Anderson Varejao",2016-12-30,2017-01-06
"17164","Bulls","Denzel Valentine",2017-01-04,2017-01-07
"17167","Hawks","Taurean Prince",2017-01-01,2017-01-07
"17171","Hornets","Cody Zeller",2017-01-02,2017-01-07
"17173","Jazz","George Hill",2017-01-05,2017-01-07
"17174","Mavericks","Jose Barea ",2016-12-23,2017-01-07
"17176","Nuggets","Kenneth Faried",2017-01-05,2017-01-07
"17179","Pelicans","Donatas Motiejunas",2017-01-05,2017-01-07
"17182","Timberwolves","Shabazz Muhammad",2017-01-06,2017-01-07
"17183","Pacers","Georges Niang",2017-01-05,2017-01-07
"17184","Thunder","Cameron Payne",2016-10-26,2017-01-07
"17186","76ers","Sergio Rodriguez",2016-12-30,2017-01-08
"17188","Bucks","Matthew Dellavedova",2016-12-30,2017-01-08
"17191","Heat","Hassan Whiteside",2017-01-01,2017-01-08
"17193","Magic","C.J. Wilcox",2017-01-04,2017-01-08
"17194","Pistons","Aron Baynes",2017-01-01,2017-01-08
"17195","Pistons","Michael Gbinije",2017-01-03,2017-01-08
"17196","Raptors","Patrick Patterson",2016-12-29,2017-01-08
"17197","Rockets","Bobby Brown",2017-01-05,2017-01-08
"17199","Lakers","Ivica Zubac",2017-01-05,2017-01-08
"17201","Bulls","Paul Zipser",2017-01-07,2017-01-09
"17205","Knicks","Maurice N'dour",2017-01-04,2017-01-09
"17209","Pelicans","Cheick Diallo",2017-01-07,2017-01-09
"17212","Bucks","Giannis Antetokounmpo",2017-01-08,2017-01-10
"17213","Bucks","Miles Plumlee",2017-01-06,2017-01-10
"17214","Bucks","Rashad Vaughn",2016-12-23,2017-01-10
"17218","Bulls","Denzel Valentine",2017-01-09,2017-01-10
"17219","Heat","Luke Babbitt",2017-01-08,2017-01-10
"17221","Lakers","Ron Artest",2017-01-08,2017-01-10
"17226","Spurs","David Lee",2017-01-07,2017-01-10
"17229","Warriors","James McAdoo ",2017-01-04,2017-01-10
"17231","Hornets","Nicolas Batum",2017-01-07,2017-01-10
"17233","Nets","Chris McCullough",2016-12-26,2017-01-10
"17237","Clippers","Austin Rivers",2017-01-08,2017-01-11
"17238","Grizzlies","Deyonta Davis",2016-12-21,2017-01-11
"17240","Knicks","Mindaugas Kuzminskas",2017-01-09,2017-01-11
"17245","Thunder","Kyle Singler",2017-01-07,2017-01-11
"17247","Bucks","Michael Beasley",2017-01-05,2017-01-12
"17249","Bulls","Dwyane Wade",2017-01-10,2017-01-12
"17253","Lakers","Ivica Zubac",2017-01-10,2017-01-12
"17254","Nets","Trevor Booker",2017-01-10,2017-01-12
"17257","Nuggets","Gary Harris",2017-01-07,2017-01-12
"17258","Nuggets","Nikola Jokic",2017-01-06,2017-01-12
"17259","Pelicans","Omer Asik",2017-01-09,2017-01-12
"17260","Spurs","LaMarcus Aldridge",2017-01-10,2017-01-12
"17262","Warriors","Klay Thompson",2017-01-10,2017-01-12
"17263","Knicks","Maurice N'dour",2017-01-11,2017-01-12
"17266","Celtics","Amir Johnson",2017-01-11,2017-01-13
"17267","Celtics","Jaylen Brown",2017-01-11,2017-01-13
"17269","Grizzlies","Deyonta Davis",2016-12-21,2017-01-13
"17270","Hawks","Mike Dunleavy Jr.",2017-01-07,2017-01-13
"17272","Hornets","Cody Zeller",2017-01-09,2017-01-13
"17273","Hornets","Nicolas Batum",2017-01-10,2017-01-13
"17274","Magic","Serge Ibaka",2017-01-10,2017-01-13
"17276","Nets","Chris McCullough",2017-01-12,2017-01-13
"17279","Pistons","Reggie Bullock",2016-11-25,2017-01-13
"17281","Rockets","Eric Gordon",2017-01-11,2017-01-13
"17284","Bulls","Denzel Valentine",2017-01-12,2017-01-14
"17285","Bulls","Jimmy Butler",2017-01-10,2017-01-14
"17287","Jazz","Raul Neto",2017-01-07,2017-01-14
"17289","Lakers","Ron Artest",2017-01-12,2017-01-14
"17292","Pelicans","Anthony Davis",2017-01-11,2017-01-14
"17296","Wizards","Tomas Satoransky",2017-01-10,2017-01-14
"17297","Spurs","Bryn Forbes",2016-12-25,2017-01-14
"17303","Nets","Isaiah Whitehead",2017-01-13,2017-01-15
"17305","Rockets","Clint Capela",2016-12-20,2017-01-15
"17306","Timberwolves","Zach LaVine",2017-01-11,2017-01-15
"17307","Mavericks","Nicolas Brussino",2017-01-09,2017-01-15
"17310","Blazers","Moe Harkless",2017-01-13,2017-01-16
"17311","Celtics","Avery Bradley",2017-01-11,2017-01-16
"17312","Celtics","Avery Bradley",2017-01-11,2017-01-16
"17315","Jazz","Joe Johnson",2017-01-14,2017-01-16
"17318","Knicks","Marshall Plumlee",2017-01-06,2017-01-16
"17321","Pelicans","Alex Ajinca",2017-01-14,2017-01-16
"17326","Warriors","James McAdoo ",2017-01-12,2017-01-16
"17329","Bulls","Dwyane Wade",2017-01-15,2017-01-17
"17330","Bulls","Nikola Mirotic",2017-01-10,2017-01-17
"17331","Heat","Willie Reed",2017-01-13,2017-01-17
"17334","Nets","Brook Lopez",2017-01-15,2017-01-17
"17336","Nuggets","Alonzo Gee",2017-01-12,2017-01-17
"17338","Rockets","Clint Capela",2016-12-20,2017-01-17
"17339","Spurs","Patty Mills",2017-01-14,2017-01-17
"17342","76ers","Nerlens Noel",2017-01-16,2017-01-18
"17343","76ers","T.J. McConnell",2017-01-16,2017-01-18
"17348","Kings","Skal Labissiere",2017-01-03,2017-01-18
"17352","Pistons","Michael Gbinije",2017-01-13,2017-01-18
"17354","Raptors","Jared Sullinger",2016-10-26,2017-01-18
"17357","Warriors","Anderson Varejao",2017-01-16,2017-01-18
"17359","Knicks","Kristaps Porzingis",2017-01-12,2017-01-18
"17364","Nuggets","Gary Harris",2017-01-17,2017-01-19
"17368","Spurs","Dejounte Murray",2017-01-14,2017-01-19
"17369","Suns","Brandon Knight",2017-01-14,2017-01-19
"17370","Suns","Jared Dudley",2017-01-16,2017-01-19
"17371","Suns","Tyson Chandler",2017-01-16,2017-01-19
"17374","Blazers","Ed Davis ",2017-01-17,2017-01-20
"17376","Bulls","Taj Gibson",2017-01-17,2017-01-20
"17380","Kings","Giorgios Papagiannis ",2017-01-03,2017-01-20
"17381","Kings","Ty Lawson",2017-01-18,2017-01-20
"17385","Pelicans","Cheick Diallo",2017-01-16,2017-01-20
"17387","Raptors","Delon Wright",2016-11-28,2017-01-20
"17388","Rockets","Ryan Anderson",2017-01-17,2017-01-20
"17391","Warriors","James McAdoo ",2017-01-18,2017-01-20
"17392","Hornets","Christian Wood",2017-01-07,2017-01-20
"17395","Cavaliers","Kevin Love",2017-01-19,2017-01-21
"17399","Celtics","James Young",2017-01-07,2017-01-21
"17401","Grizzlies","Chandler Parsons",2017-01-20,2017-01-21
"17404","Jazz","Rodney Hood",2017-01-20,2017-01-21
"17406","Knicks","Joakim Noah",2017-01-18,2017-01-21
"17410","Nuggets","Danilo Gallinari",2017-01-19,2017-01-21
"17411","Nuggets","Darrell Arthur",2017-01-12,2017-01-21
"17413","Pistons","Jon Leuer",2017-01-18,2017-01-21
"17416","Spurs","Bryn Forbes",2017-01-19,2017-01-21
"17417","Celtics","Tyler Zeller",2017-01-03,2017-01-21
"17419","76ers","Richaun Holmes",2017-01-13,2017-01-21
"17422","Lakers","Larry Nance Jr.",2016-12-23,2017-01-22
"17423","Lakers","Luol Deng",2017-01-14,2017-01-22
"17427","Nuggets","Gary Harris",2017-01-21,2017-01-22
"17430","Raptors","Lucas Nogueira",2017-01-18,2017-01-22
"17431","Raptors","Patrick Patterson",2017-01-20,2017-01-22
"17437","Warriors","Damian Jones",2017-01-06,2017-01-22
"17444","Pelicans","Alex Ajinca",2017-01-20,2017-01-23
"17446","Pistons","Kentavious Caldwell-Pope",2017-01-13,2017-01-23
"17447","Rockets","Ryan Anderson",2017-01-21,2017-01-23
"17449","Thunder","Steven Adams",2017-01-16,2017-01-23
"17451","Warriors","Shaun Livingston",2017-01-22,2017-01-23
"17452","Nets","Chris McCullough",2017-01-17,2017-01-23
"17453","Pacers","Rakeem Christmas",2017-01-07,2017-01-23
"17456","Celtics","Jonas Jerebko",2017-01-21,2017-01-24
"17457","Celtics","Tyler Zeller",2017-01-21,2017-01-24
"17458","Clippers","Blake Griffin",2016-12-20,2017-01-24
"17462","Raptors","Lucas Nogueira",2017-01-18,2017-01-24
"17463","Raptors","Patrick Patterson",2017-01-20,2017-01-24
"17466","Spurs","Manu Ginobili",2017-01-22,2017-01-24
"17468","Suns","Derrick Jones Jr.",2016-12-17,2017-01-24
"17469","Timberwolves","Ricky Rubio",2017-01-22,2017-01-24
"17470","76ers","Joel Embiid",2017-01-21,2017-01-24
"17476","Celtics","Gerald Green ",2017-01-24,2017-01-25
"17480","Hornets","Brian Roberts",2017-01-23,2017-01-25
"17481","Hornets","Jeremy Lamb",2017-01-21,2017-01-25
"17484","Mavericks","Andrew Bogut",2017-01-15,2017-01-25
"17486","Pelicans","Anthony Davis",2017-01-23,2017-01-25
"17489","Warriors","Andre Iguodala",2017-01-23,2017-01-25
"17491","Jazz","Rodney Hood",2017-01-20,2017-01-26
"17496","Pacers","Aaron Brooks",2017-01-23,2017-01-26
"17498","Suns","Jared Dudley",2017-01-24,2017-01-26
"17500","Mavericks","A.J. Hammons",2017-01-03,2017-01-26
"17501","76ers","Joel Embiid",2017-01-24,2017-01-27
"17503","Blazers","Tim Quarterman",2017-01-25,2017-01-27
"17504","Cavaliers","Richard Jefferson",2015-04-28,2017-01-27
"17508","Grizzlies","Brandan Wright",2016-12-06,2017-01-27
"17509","Grizzlies","Chandler Parsons",2017-01-25,2017-01-27
"17510","Grizzlies","JaMychal Green",2017-01-25,2017-01-27
"17511","Hawks","Mike Muscala",2017-01-18,2017-01-27
"17513","Hornets","Jeremy Lamb",2017-01-21,2017-01-27
"17516","Magic","D.J. Augustine",2017-01-24,2017-01-27
"17522","Spurs"," Tony Parker",2017-01-24,2017-01-27
"17523","Spurs","Kawhi Leonard",2017-01-23,2017-01-27
"17525","Celtics","Demetrius Jackson",2017-01-25,2017-01-27
"17526","Pistons","Michael Gbinije",2017-01-21,2017-01-27
"17529","Grizzlies","Troy Daniels",2017-01-21,2017-01-28
"17531","Heat","Hassan Whiteside",2017-01-27,2017-01-28
"17534","Nets","Brook Lopez",2017-01-27,2017-01-28
"17535","Nets","Caris LeVert",2017-01-27,2017-01-28
"17536","Nets","Trevor Booker",2017-01-27,2017-01-28
"17539","Blazers","Moe Harkless",2017-01-25,2017-01-29
"17541","Bulls","Isaiah Canaan",2017-01-20,2017-01-29
"17544","Knicks","Marshall Plumlee",2017-01-21,2017-01-29
"17546","Mavericks","Dirk Nowitzki",2017-01-26,2017-01-29
"17547","Mavericks","Wes Matthews Jr.",2017-01-23,2017-01-29
"17548","Raptors","DeMar DeRozan",2017-01-24,2017-01-29
"17549","Rockets","Eric Gordon",2017-01-25,2017-01-29
"17551","Thunder","Semaj Christon",2017-01-11,2017-01-29
"17553","Warriors","Damian Jones",2017-01-25,2017-01-29
"17554","Blazers","Ed Davis ",2017-01-27,2017-01-29
"17555","Blazers","Tim Quarterman",2017-01-25,2017-01-29
"17559","76ers","Jahlil Okafor",2017-01-24,2017-01-30
"17561","Celtics","Al Horford",2017-01-27,2017-01-30
"17563","Grizzlies","Brandan Wright",2016-12-06,2017-01-30
"17564","Grizzlies","Wade Baldwin IV",2017-01-13,2017-01-30
"17565","Heat","Tyler Johnson",2017-01-21,2017-01-30
"17567","Magic","Evan Fournier",2017-01-27,2017-01-30
"17569","Hornets","Jeremy Lamb",2017-01-28,2017-01-31
"17572","Lakers","D'Angelo Russell",2017-01-22,2017-01-31
"17576","Raptors","Delon Wright",2017-01-22,2017-01-31
"17578","Spurs","Jonathon Simmons",2017-01-27,2017-01-31
"17581","Bucks","Steve Novak",2017-01-10,2017-02-01
"17583","Bulls","Taj Gibson",2017-01-29,2017-02-01
"17586","Grizzlies","Deyonta Davis",2017-01-30,2017-02-01
"17589","Jazz","Raul Neto",2017-01-26,2017-02-01
"17590","Knicks","Kristaps Porzingis",2017-01-31,2017-02-01
"17592","Nets","Joe Harris",2017-01-23,2017-02-01
"17595","Nuggets","Emmanuel Mudiay",2017-01-22,2017-02-01
"17598","Pacers","Kevin Seraphin",2017-01-26,2017-02-01
"17599","Pacers","Rodney Stuckey",2016-12-28,2017-02-01
"17600","Pelicans","Tyreke Evans",2017-01-31,2017-02-01
"17603","Suns","Dragan Bender",2017-01-26,2017-02-01
"17605","Thunder","Josh Huestis",2016-12-31,2017-02-01
"17608","Warriors","Stephen Curry",2017-01-29,2017-02-01
"17613","Lakers","Julius Randle",2017-01-31,2017-02-02
"17617","Spurs","Bryn Forbes",2017-01-31,2017-02-02
"17621","Blazers","Ed Davis ",2017-01-29,2017-02-03
"17623","Celtics","Kelly Olynyk",2017-02-01,2017-02-03
"17631","Nuggets","Nikola Jokic",2017-02-01,2017-02-03
"17632","Nuggets","Will Barton",2017-02-01,2017-02-03
"17634","Pacers","Georges Niang",2017-02-01,2017-02-03
"17637","Suns","Ronnie Price",2017-02-01,2017-02-03
"17641","Mavericks","Deron Williams",2017-01-26,2017-02-03
"17645","76ers","Nerlens Noel",2017-02-02,2017-02-04
"17647","Bucks","Rashad Vaughn",2017-02-01,2017-02-04
"17650","Cavaliers","Kevin Love",2017-01-30,2017-02-04
"17654","Jazz","Derrick Favors",2017-02-01,2017-02-04
"17656","Kings","Arron Afflalo",2017-02-03,2017-02-04
"17659","Pacers","Rakeem Christmas",2017-02-01,2017-02-04
"17661","Spurs","LaMarcus Aldridge",2017-02-02,2017-02-04
"17663","Suns","Jared Dudley",2017-02-01,2017-02-04
"17665","Warriors","Draymond Green",2017-02-02,2017-02-04
"17666","Warriors","Shaun Livingston",2017-02-02,2017-02-04
"17669","Thunder","Alex Abrines",2017-02-01,2017-02-05
"17672","76ers","Jahlil Okafor",2017-02-04,2017-02-06
"17673","76ers","Robert Covington",2017-02-01,2017-02-06
"17675","Bulls","Denzel Valentine",2017-02-01,2017-02-06
"17676","Cavaliers","Kyrie Irving",2017-02-04,2017-02-06
"17677","Grizzlies","Chandler Parsons",2017-02-04,2017-02-06
"17678","Grizzlies","Marc Gasol",2017-02-04,2017-02-06
"17680","Knicks","Derrick Rose",2017-01-29,2017-02-06
"17682","Lakers","Julius Randle",2017-02-03,2017-02-06
"17683","Lakers","Ron Artest",2017-01-22,2017-02-06
"17685","Mavericks","Devin Harris",2017-02-03,2017-02-06
"17688","Nuggets","Darrell Arthur",2017-02-04,2017-02-06
"17689","Pacers","Rodney Stuckey",2017-02-03,2017-02-06
"17691","Raptors","DeMar DeRozan",2017-01-31,2017-02-06
"17695","Suns","Jared Dudley",2017-02-01,2017-02-06
"17696","Suns","Ronnie Price",2017-02-04,2017-02-06
"17699","Pistons","Michael Gbinije",2017-01-21,2017-02-06
"17703","Nets","Chris McCullough",2017-02-01,2017-02-07
"17705","Rockets","Nene Hilario ",2017-02-03,2017-02-07
"17710","Bucks","Khris Middleton",2016-10-26,2017-02-08
"17712","Bulls","Cristiano Felicio",2017-02-06,2017-02-08
"17719","Lakers","Marcelo Huertas",2017-02-06,2017-02-08
"17721","Nets","Caris LeVert",2017-02-05,2017-02-08
"17723","Pistons","Reggie Bullock",2017-02-06,2017-02-08
"17724","Spurs","Kawhi Leonard",2017-02-06,2017-02-08
"17727","Suns","Derrick Jones Jr.",2017-02-06,2017-02-08
"17729","Wizards","Ian Mahinmi",2016-11-28,2017-02-08
"17737","Hornets","Cody Zeller",2017-01-25,2017-02-09
"17744","Bucks","Spencer Hawes",2017-02-08,2017-02-10
"17746","Bulls","Dwyane Wade",2017-02-08,2017-02-10
"17747","Bulls","Jimmy Butler",2017-02-03,2017-02-10
"17749","Grizzlies","Zach Randolph",2017-02-08,2017-02-10
"17751","Lakers","Thomas Robinson",2017-02-02,2017-02-10
"17756","Suns","Ronnie Price",2017-02-08,2017-02-10
"17757","Timberwolves","Kris Dunn",2017-02-03,2017-02-10
"17759","Wizards","Markieff Morris",2017-02-08,2017-02-10
"17760","Nuggets","Emmanuel Mudiay",2017-02-08,2017-02-10
"17761","Wizards","Danuel House",2016-11-25,2017-02-10
"17763","Spurs","Bryn Forbes",2017-02-04,2017-02-10
"17765","76ers","Richaun Holmes",2017-02-08,2017-02-11
"17767","Bucks","Roy Hibbert",2017-02-04,2017-02-11
"17768","Celtics","Demetrius Jackson",2017-01-25,2017-02-11
"17770","Hornets","Mike Tobey",2017-02-09,2017-02-11
"17771","Jazz","George Hill",2017-02-09,2017-02-11
"17772","Rockets","Nene Hilario ",2017-02-09,2017-02-11
"17775","Suns","Derrick Jones Jr.",2017-02-10,2017-02-11
"17781","Knicks","Lance Thomas",2017-01-16,2017-02-12
"17782","Pelicans","Tyreke Evans",2017-02-07,2017-02-12
"17784","Raptors","Delon Wright",2017-02-06,2017-02-12
"17786","Spurs","Dejounte Murray",2017-02-10,2017-02-12
"17789","Bucks","Khris Middleton",2017-02-11,2017-02-13
"17793","Grizzlies","Chandler Parsons",2017-02-10,2017-02-13
"17794","Heat","Dion Waiters",2017-02-08,2017-02-13
"17795","Magic","Aaron Gordon",2017-02-08,2017-02-13
"17800","Pacers","Georges Niang",2017-02-06,2017-02-13
"17802","Spurs","Jonathon Simmons",2017-02-12,2017-02-13
"17804","Suns","Eric Bledsoe",2017-02-11,2017-02-13
"17805","Suns","Tyson Chandler",2017-02-11,2017-02-13
"17807","Magic","Stephen Zimmerman Jr.",2017-01-01,2017-02-13
"17808","Blazers","Tim Quarterman",2017-01-29,2017-02-13
"17809","Hornets","Chris Andersen",2016-12-17,2017-02-13
"17811","Bulls","Jimmy Butler",2017-02-12,2017-02-14
"17813","Cavaliers","Iman Shumpert",2017-02-08,2017-02-14
"17816","Lakers","Marcelo Huertas",2017-02-10,2017-02-14
"17817","Raptors","Patrick Patterson",2017-02-12,2017-02-14
"17819","Grizzlies","Tony Allen",2017-02-13,2017-02-15
"17822","Knicks","Maurice N'dour",2017-02-12,2017-02-15
"17824","Mavericks","Andrew Bogut",2017-02-03,2017-02-15
"17829","Rockets","Eric Gordon",2017-02-09,2017-02-15
"17832","Warriors","Klay Thompson",2017-02-13,2017-02-15
"17833","Grizzlies","Jarell Martin",2017-01-27,2017-02-15
"17834","Pacers","Rakeem Christmas",2017-02-13,2017-02-15
"17836","Pelicans","Cheick Diallo",2017-01-25,2017-02-15
"17837","Raptors","Bruno Caboclo",2017-01-29,2017-02-15
"17840","Bulls","Nikola Mirotic",2017-02-12,2017-02-16
"17841","Bulls","Paul Zipser",2017-02-10,2017-02-16
"17843","Pacers","Rakeem Christmas",2017-02-13,2017-02-16
"17845","Celtics","Chris Wilcox",2017-02-13,2017-02-23
"17847","Clippers","Brice Johnson",2016-10-27,2017-02-23
"17849","Kings","Ty Lawson",2017-02-15,2017-02-23
"17851","Knicks","Brandon Jennings",2017-02-15,2017-02-23
"17853","Nuggets","Danilo Gallinari",2017-02-03,2017-02-23
"17854","Nuggets","Darrell Arthur",2017-02-13,2017-02-23
"17855","Nuggets","Emmanuel Mudiay",2017-02-10,2017-02-23
"17856","Nuggets","Kenneth Faried",2017-02-10,2017-02-23
"17857","Nuggets","Wilson Chandler",2017-02-13,2017-02-23
"17861","Warriors","David West",2017-01-20,2017-02-23
"17862","Warriors","Zaza Pachulia",2017-02-02,2017-02-23
"17864","Pelicans","Omri Casspi",2017-01-18,2017-02-23
"17865","Pelicans","Terrence Jones",2017-02-15,2017-02-23
"17871","Bulls","Dwyane Wade",2017-02-16,2017-02-24
"17872","Bulls","Dwyane Wade",2017-02-16,2017-02-24
"17874","Celtics","Jaylen Brown",2017-02-13,2017-02-24
"17877","Clippers","Chris Paul",2017-01-28,2017-02-24
"17878","Hawks","Thabo Sefolosha",2017-01-29,2017-02-24
"17879","Heat","Josh Richardson",2017-01-07,2017-02-24
"17881","Jazz","Rodney Hood",2017-02-04,2017-02-24
"17883","Lakers","Thomas Robinson",2017-02-14,2017-02-24
"17884","Mavericks","A.J. Hammons",2017-01-03,2017-02-24
"17886","Nets","Jeremy Lin",2016-12-28,2017-02-24
"17890","Pacers","Lavoy Allen",2017-02-15,2017-02-24
"17891","Pacers","Thaddeus Young",2017-02-04,2017-02-24
"17893","Raptors","Patrick Patterson",2017-02-15,2017-02-24
"17895","Spurs","Pau Gasol",2017-01-21,2017-02-24
"17897","Thunder","Enes Kanter",2017-01-29,2017-02-24
"17898","Thunder","Josh Huestis",2017-02-05,2017-02-24
"17900","Wizards","Daniel Ochefu",2017-02-10,2017-02-24
"17903","Bulls","Cameron Payne",2017-02-24,2017-02-25
"17905","Celtics","Chris Wilcox",2017-02-13,2017-02-25
"17908","Knicks","Marshall Plumlee",2017-02-23,2017-02-25
"17910","Nets","K.J. McDaniels",2017-02-24,2017-02-25
"17913","Warriors","Kevon Looney",2017-02-23,2017-02-25
"17914","Blazers","Al-Farouq Aminu",2017-02-14,2017-02-26
"17918","Lakers","Tyler Ennis",2017-02-24,2017-02-26
"17920","Nuggets","Roy Hibbert",2017-02-24,2017-02-26
"17921","Pelicans","E'Twaun Moore",2016-12-05,2017-02-26
"17923","Bucks","Axel Toupane",2017-02-26,2017-02-27
"17924","Cavaliers","LeBron James",2017-02-25,2017-02-27
"17926","Celtics","Avery Bradley",2017-01-21,2017-02-27
"17928","Hawks","Lamar Patterson",2017-02-25,2017-02-27
"17929","Hawks","Ryan Kelly",2017-02-24,2017-02-27
"17933","Warriors","Kevin Durant",2017-02-25,2017-02-27
"17936","Hornets","Cody Zeller",2017-02-11,2017-02-28
"17939","Nets","Caris LeVert",2017-02-25,2017-02-28
"17941","Pistons","Michael Gbinije",2017-02-08,2017-02-28
"17943","Thunder","Victor Oladipo",2017-02-24,2017-02-28
"17947","Bucks","Khris Middleton",2017-02-27,2017-03-01
"17950","Jazz","Raul Neto",2017-02-24,2017-03-01
"17952","Kings","Arron Afflalo",2017-02-23,2017-03-01
"17955","Knicks","Kristaps Porzingis",2017-02-25,2017-03-01
"17957","Mavericks","A.J. Hammons",2017-02-27,2017-03-01
"17959","Nets","Quincy Acy",2017-02-07,2017-03-01
"17962","Pacers","Al Jefferson",2017-02-24,2017-03-01
"17965","Spurs","Joel Anthony",2017-02-24,2017-03-01
"17967","Wizards","Chris McCullough",2017-02-24,2017-03-01
"17972","Bulls","Paul Zipser",2017-02-24,2017-03-02
"17977","Celtics","Gerald Green ",2017-02-24,2017-03-03
"17978","Heat","Willie Reed",2017-02-26,2017-03-03
"17982","Lakers","Thomas Robinson",2017-02-28,2017-03-03
"17983","Magic","C.J. Watson",2017-02-23,2017-03-03
"17985","Nets","Andrew Nicholson",2017-03-01,2017-03-03
"17986","Nuggets","Jameer Nelson",2017-03-01,2017-03-03
"17990","Spurs"," Tony Parker",2017-03-01,2017-03-03
"17992","Wizards","Brandon Jennings",2017-03-01,2017-03-03
"17996","Bulls","Michael Carter-Williams",2017-02-25,2017-03-04
"17999","Cavaliers","Kay Felder",2017-03-01,2017-03-04
"18001","Nets","Justin Hamilton ",2017-03-03,2017-03-04
"18002","Pistons","Darrun Hilliard",2017-02-28,2017-03-04
"18004","Spurs","Joel Anthony",2017-03-03,2017-03-04
"18007","Celtics","Tyler Zeller",2017-03-03,2017-03-05
"18010","Jazz","Rodney Hood",2017-03-01,2017-03-05
"18011","Kings","Garrett Temple",2017-02-04,2017-03-05
"18013","Knicks","Willy Hernangomez",2017-03-01,2017-03-05
"18015","Lakers","Luol Deng",2017-03-03,2017-03-05
"18017","Mavericks","Wes Matthews Jr.",2017-03-01,2017-03-05
"18019","Pacers","Thaddeus Young",2017-03-01,2017-03-05
"18021","76ers","Gerald Henderson Jr.",2017-03-03,2017-03-06
"18024","Bulls","Anthony Morrow",2017-03-02,2017-03-06
"18025","Cavaliers","Kyrie Irving",2017-03-04,2017-03-06
"18026","Cavaliers","LeBron James",2017-03-04,2017-03-06
"18028","Celtics","Avery Bradley",2017-03-05,2017-03-06
"18037","Spurs","Manu Ginobili",2017-03-04,2017-03-06
"18038","Pelicans","Jarrett Jack",2017-03-03,2017-03-06
"18039","Jazz","Joel Bolomboy",2017-01-02,2017-03-06
"18040","Nuggets","Malik Beasley",2017-02-23,2017-03-06
"18043","Lakers","Ivica Zubac",2017-03-05,2017-03-07
"18045","Thunder","Victor Oladipo",2017-03-02,2017-03-07
"18047","Bulls","Rajon Rondo",2017-03-06,2017-03-08
"18051","Celtics","Al Horford",2017-03-05,2017-03-08
"18052","Celtics","Jonas Jerebko",2017-03-06,2017-03-08
"18053","Heat","James Johnson",2017-03-06,2017-03-08
"18054","Heat","Tyler Johnson",2017-03-06,2017-03-08
"18056","Jazz","Joe Johnson",2017-03-05,2017-03-08
"18057","Knicks","Carmelo Anthony",2017-03-06,2017-03-08
"18060","Pacers","Lavoy Allen",2017-03-05,2017-03-08
"18065","Spurs","Joel Anthony",2017-03-06,2017-03-08
"18067","Jazz","George Hill",2017-03-06,2017-03-08
"18069","Spurs","Bryn Forbes",2017-02-13,2017-03-08
"18070","76ers","Jahlil Okafor",2017-03-04,2017-03-09
"18072","Cavaliers","J.R. Smith",2017-01-06,2017-03-09
"18079","Spurs","Kawhi Leonard",2017-03-08,2017-03-09
"18080","Spurs","LaMarcus Aldridge",2017-03-08,2017-03-09
"18084","Bulls","Dwyane Wade",2017-03-06,2017-03-10
"18085","Bulls","Michael Carter-Williams",2017-02-25,2017-03-10
"18087","Mavericks","Jose Barea ",2017-01-25,2017-03-10
"18088","Nuggets","Danilo Gallinari",2017-03-08,2017-03-10
"18089","Nuggets","Nikola Jokic",2017-03-06,2017-03-10
"18090","Raptors","DeMarre Carroll",2017-03-08,2017-03-10
"18091","Rockets","Kyle Wiltjer",2017-01-08,2017-03-10
"18092","Rockets","Ryan Anderson",2017-03-08,2017-03-10
"18094","Timberwolves","Brandon Rush",2017-03-08,2017-03-10
"18096","Knicks","Maurice N'dour",2017-03-05,2017-03-10
"18100","Grizzlies","Chandler Parsons",2017-03-09,2017-03-11
"18103","Jazz","George Hill",2017-03-08,2017-03-11
"18104","Magic","Nikola Vucevic",2017-03-05,2017-03-11
"18105","Mavericks","A.J. Hammons",2017-03-05,2017-03-11
"18112","Spurs","Manu Ginobili",2017-03-09,2017-03-11
"18113","Spurs","Kyle Anderson",2017-03-09,2017-03-11
"18118","Warriors","Shaun Livingston",2017-03-10,2017-03-11
"18120","Wizards","Daniel Ochefu",2017-03-03,2017-03-11
"18123","Pelicans","Omer Asik",2017-03-03,2017-03-11
"18125","Warriors","Damian Jones",2017-02-23,2017-03-11
"18127","76ers","Gerald Henderson Jr.",2017-03-11,2017-03-12
"18129","Bulls","Isaiah Canaan",2017-03-08,2017-03-12
"18131","Celtics","James Young",2017-03-08,2017-03-12
"18135","Lakers","Ron Artest",2017-02-08,2017-03-12
"18136","Nets","Brook Lopez",2017-03-09,2017-03-12
"18138","Bucks","Malcolm Brogdon",2017-03-10,2017-03-13
"18139","Bucks","Mirza Teletovic",2017-03-10,2017-03-13
"18141","Bulls","Nikola Mirotic",2017-03-12,2017-03-13
"18144","Hawks","Dwight Howard",2017-03-11,2017-03-13
"18146","Hornets","Frank Kaminsky",2017-03-03,2017-03-13
"18147","Jazz","Rudy Gobert",2017-03-11,2017-03-13
"18150","Mavericks","Jarrod Uthoff",2017-03-11,2017-03-13
"18151","Mavericks","Manny Harris",2017-03-11,2017-03-13
"18156","Spurs","Kawhi Leonard",2017-03-11,2017-03-13
"18157","Spurs","Kawhi Leonard",2017-03-11,2017-03-13
"18159","Wizards","Sheldon Mac",2017-03-11,2017-03-13
"18160","Nuggets","Malik Beasley",2017-03-10,2017-03-13
"18161","76ers","Robert Covington",2017-03-12,2017-03-14
"18164","Warriors","Draymond Green",2017-03-11,2017-03-14
"18165","Warriors","Klay Thompson",2017-03-11,2017-03-14
"18166","Warriors","Stephen Curry",2017-03-11,2017-03-14
"18171","Bulls","Isaiah Canaan",2017-03-13,2017-03-15
"18172","Heat","Goran Dragic",2017-03-12,2017-03-15
"18173","Kings","Tyreke Evans",2017-03-13,2017-03-15
"18175","Mavericks","Nerlens Noel",2017-03-10,2017-03-15
"18178","Pacers","Joe Young",2017-03-08,2017-03-15
"18179","Pistons","Beno Udrih",2017-02-23,2017-03-15
"18181","Spurs","LaMarcus Aldridge",2017-03-11,2017-03-15
"18184","Suns","Alex Len",2017-03-12,2017-03-15
"18187","Timberwolves","Adreian Payne",2017-02-03,2017-03-15
"18189","Wizards","Daniel Ochefu",2017-03-13,2017-03-15
"18192","Cavaliers","Kevin Love",2017-02-14,2017-03-16
"18196","Clippers","Wes Johnson",2017-02-24,2017-03-16
"18198","Hawks","Ryan Kelly",2017-03-13,2017-03-16
"18205","Nuggets","Kenneth Faried",2017-02-26,2017-03-16
"18206","Raptors","DeMarre Carroll",2017-03-11,2017-03-16
"18207","Knicks","Maurice N'dour",2017-03-05,2017-03-16
"18209","Bulls","Anthony Morrow",2017-03-10,2017-03-17
"18211","Celtics","Demetrius Jackson",2017-02-27,2017-03-17
"18213","Lakers","Timofey Mozgov",2017-03-12,2017-03-17
"18215","Mavericks","Wes Matthews Jr.",2017-03-15,2017-03-17
"18220","Suns","Brandon Knight",2017-03-15,2017-03-17
"18222","Wizards","Sheldon Mac",2017-03-15,2017-03-17
"18223","Pelicans","Cheick Diallo",2017-03-11,2017-03-17
"18225","Blazers","Evan Turner",2017-02-13,2017-03-18
"18226","Bucks","Rashad Vaughn",2017-03-15,2017-03-18
"18231","Cavaliers","Derrick Williams",2017-03-16,2017-03-18
"18233","Clippers","Blake Griffin",2017-03-16,2017-03-18
"18234","Clippers","DeAndre Jordan",2017-03-16,2017-03-18
"18238","Hornets","Nicolas Batum",2017-03-13,2017-03-18
"18240","Kings","Malachi Richardson",2017-03-01,2017-03-18
"18243","Spurs"," Tony Parker",2017-03-15,2017-03-18
"18244","Timberwolves","Lance Stephenson",2017-03-15,2017-03-18
"18245","Cavaliers","Kay Felder",2017-03-14,2017-03-18
"18247","Cavaliers","Kevin Love",2017-03-18,2017-03-19
"18248","Cavaliers","Kyrie Irving",2017-03-18,2017-03-19
"18249","Cavaliers","LeBron James",2017-03-18,2017-03-19
"18254","Pacers","Lavoy Allen",2017-03-15,2017-03-19
"18255","Pelicans","DeMarcus Cousins",2017-03-17,2017-03-19
"18258","Spurs","Joel Anthony",2017-03-18,2017-03-19
"18261","Lakers","Tarik Black",2017-03-17,2017-03-19
"18265","76ers","Justin Anderson",2017-03-19,2017-03-20
"18267","Celtics","Isaiah Thomas",2017-03-17,2017-03-20
"18270","Hawks","DeAndre Bembry",2017-03-16,2017-03-20
"18271","Hawks","Mike Dunleavy Jr.",2017-02-27,2017-03-20
"18272","Jazz","Rodney Hood",2017-03-16,2017-03-20
"18274","Knicks","Kristaps Porzingis",2017-03-16,2017-03-20
"18276","Magic","Jodie Meeks",2017-01-24,2017-03-20
"18279","Wizards","Markieff Morris",2017-03-17,2017-03-20
"18280","Bulls","Cameron Payne",2017-03-15,2017-03-20
"18282","Lakers","Nick Young",2017-03-19,2017-03-21
"18283","Lakers","Tarik Black",2017-03-19,2017-03-21
"18285","Nets","Trevor Booker",2017-03-17,2017-03-21
"18287","Spurs","Manu Ginobili",2017-03-19,2017-03-21
"18290","Suns","Devin Booker",2017-03-19,2017-03-21
"18291","Suns","Leandro Barbosa",2017-03-17,2017-03-21
"18294","76ers","Gerald Henderson Jr.",2017-03-20,2017-03-22
"18295","76ers","Jahlil Okafor",2017-03-20,2017-03-22
"18298","Cavaliers","Kyle Korver",2017-03-16,2017-03-22
"18302","Kings","Tyreke Evans",2017-03-18,2017-03-22
"18304","Magic","Stephen Zimmerman Jr.",2017-03-20,2017-03-22
"18305","Nuggets","Darrell Arthur",2017-03-16,2017-03-22
"18306","Nuggets","Wilson Chandler",2017-03-13,2017-03-22
"18309","Bulls","Cameron Payne",2017-03-15,2017-03-22
"18310","Grizzlies","Tony Allen",2017-03-21,2017-03-23
"18315","Mavericks","Jarrod Uthoff",2017-03-17,2017-03-23
"18316","Nets","Jeremy Lin",2017-03-21,2017-03-23
"18319","Spurs","David Lee",2017-03-21,2017-03-23
"18321","Suns","Alan Williams",2017-03-21,2017-03-23
"18326","Kings","Kosta Koufos",2017-03-22,2017-03-24
"18327","Kings","Ty Lawson",2017-03-22,2017-03-24
"18329","Nuggets","Danilo Gallinari",2017-03-16,2017-03-24
"18330","Warriors","Andre Iguodala",2017-03-21,2017-03-24
"18332","Wizards","Daniel Ochefu",2017-03-20,2017-03-24
"18333","Hornets","Miles Plumlee",2017-02-28,2017-03-24
"18336","Cavaliers","Larry Sanders ",2017-03-18,2017-03-25
"18338","Knicks","Derrick Rose",2017-03-23,2017-03-25
"18339","Knicks","Maurice N'dour",2017-03-20,2017-03-25
"18341","Mavericks","A.J. Hammons",2017-03-13,2017-03-25
"18345","Spurs","Joel Anthony",2017-03-23,2017-03-25
"18347","Wizards","Sheldon Mac",2017-03-24,2017-03-25
"18349","Celtics","Avery Bradley",2017-03-24,2017-03-26
"18351","Clippers","Wes Johnson",2017-03-18,2017-03-26
"18356","Lakers","Timofey Mozgov",2017-03-19,2017-03-26
"18358","Nuggets","Mike Miller",2017-03-24,2017-03-26
"18360","Pacers","Joe Young",2017-03-19,2017-03-26
"18363","Rockets","Troy Williams",2017-03-10,2017-03-26
"18368","Suns","T.J. Warren",2017-03-23,2017-03-26
"18369","Grizzlies","Wade Baldwin IV",2017-02-01,2017-03-26
"18370","Pelicans","Cheick Diallo",2017-03-11,2017-03-26
"18374","Cavaliers","Kay Felder",2017-03-22,2017-03-27
"18376","Jazz","Shelvin Mack",2017-03-05,2017-03-27
"18377","Kings","Ty Lawson",2017-03-26,2017-03-27
"18379","Knicks","Carmelo Anthony",2017-03-25,2017-03-27
"18382","Mavericks","Jarrod Uthoff",2017-03-25,2017-03-27
"18383","Mavericks","Manny Harris",2017-03-23,2017-03-27
"18387","Pistons","Henry Ellenson",2017-01-23,2017-03-27
"18388","Pistons","Michael Gbinije",2017-03-19,2017-03-27
"18390","Spurs","Danny Green",2017-03-25,2017-03-27
"18391","Cavaliers","Iman Shumpert",2017-03-25,2017-03-27
"18395","76ers","Tiago Splitter",2017-03-26,2017-03-28
"18397","Nets","Sean Kilpatrick",2017-03-18,2017-03-28
"18399","Nuggets","Roy Hibbert",2017-03-26,2017-03-28
"18401","Pacers","Georges Niang",2017-02-24,2017-03-28
"18403","Suns","Ronnie Price",2017-03-21,2017-03-28
"18405","Wizards","Bojan Bogdanovic",2017-03-25,2017-03-28
"18407","76ers","Gerald Henderson Jr.",2017-03-28,2017-03-29
"18409","Clippers","J.J. Redick",2017-03-26,2017-03-29
"18412","Hawks","Kent Bazemore",2017-03-20,2017-03-29
"18413","Hornets","Miles Plumlee",2017-03-24,2017-03-29
"18416","Jazz","Gordon Hayward",2017-03-27,2017-03-29
"18420","Mavericks","A.J. Hammons",2017-03-27,2017-03-29
"18421","Mavericks","Seth Curry",2017-03-27,2017-03-29
"18423","Pelicans","DeMarcus Cousins",2017-03-26,2017-03-29
"18424","Raptors","DeMarre Carroll",2017-03-25,2017-03-29
"18427","Wizards","Daniel Ochefu",2017-03-28,2017-03-29
"18428","Knicks","Joakim Noah",2017-02-27,2017-03-29
"18429","Knicks","Joakim Noah",2017-02-27,2017-03-29
"18430","Pacers","Rodney Stuckey",2017-03-28,2017-03-29
"18433","Bulls","Cristiano Felicio",2017-03-22,2017-03-30
"18435","Cavaliers","Iman Shumpert",2017-03-27,2017-03-30
"18438","Nets","Andrew Nicholson",2017-03-28,2017-03-30
"18440","Rockets","Chinanu Onuaku",2017-01-15,2017-03-30
"18442","Suns","Devin Booker",2017-03-28,2017-03-30
"18446","Bucks","Michael Beasley",2017-03-01,2017-03-31
"18449","Grizzlies","Jarell Martin",2017-01-27,2017-03-31
"18455","Mavericks","Salah Mejri",2017-03-29,2017-03-31
"18457","Nuggets","Malik Beasley",2017-03-22,2017-03-31
"18458","Nuggets","Mike Miller",2017-03-28,2017-03-31
"18462","Thunder","Kyle Singler",2017-03-07,2017-03-31
"18465","Wizards","Sheldon Mac",2017-03-29,2017-03-31
"18469","Hawks","Mike Dunleavy Jr.",2017-03-29,2017-04-01
"18471","Lakers","Brandon Ingram",2017-03-26,2017-04-01
"18475","Cavaliers","Richard Jefferson",2017-03-30,2017-04-02
"18477","Hawks","Paul Millsap",2017-03-20,2017-04-02
"18480","Lakers","Luol Deng",2017-03-07,2017-04-02
"18482","Mavericks","A.J. Hammons",2017-03-31,2017-04-02
"18484","Nets","Quincy Acy",2017-03-30,2017-04-02
"18488","Pelicans","Alex Ajinca",2017-03-31,2017-04-02
"18490","Raptors","Bruno Caboclo",2017-01-29,2017-04-02
"18494","Spurs","Joel Anthony",2017-03-27,2017-04-02
"18496","Suns","Dragan Bender",2017-02-08,2017-04-02
"18498","Thunder","Taj Gibson",2017-03-31,2017-04-02
"18499","Warriors","Patrick McCaw",2017-03-31,2017-04-02
"18501","Wizards","Daniel Ochefu",2017-03-31,2017-04-02
"18502","Cavaliers","Larry Sanders ",2017-03-27,2017-04-02
"18503","Nuggets","Malik Beasley",2017-03-22,2017-04-02
"18504","Rockets","Troy Williams",2017-03-31,2017-04-02
"18505","Rockets","Isaiah Taylor",2017-03-01,2017-04-02
"18509","Cavaliers","Kyle Korver",2017-03-27,2017-04-04
"18511","Grizzlies","Andrew Harrison",2017-03-31,2017-04-04
"18512","Grizzlies","JaMychal Green",2017-03-29,2017-04-04
"18513","Grizzlies","Marc Gasol",2017-03-26,2017-04-04
"18514","Grizzlies","Tony Allen",2017-03-21,2017-04-04
"18522","Knicks","Carmelo Anthony",2017-03-31,2017-04-04
"18526","Nets","Andrew Nicholson",2017-04-02,2017-04-04
"18528","Raptors","P.J. Tucker",2017-04-02,2017-04-04
"18529","Spurs","LaMarcus Aldridge",2017-04-02,2017-04-04
"18530","Warriors","Kevon Looney",2017-03-29,2017-04-04
"18531","Blazers","Jusuf Nurkic",2017-04-01,2017-04-04
"18535","Cavaliers","Larry Sanders ",2017-04-04,2017-04-05
"18536","Celtics","Avery Bradley",2017-03-31,2017-04-05
"18538","Clippers","Wes Johnson",2017-03-29,2017-04-05
"18544","Lakers","Tarik Black",2017-04-02,2017-04-05
"18545","Mavericks","Dirk Nowitzki",2017-04-04,2017-04-05
"18546","Mavericks","Wes Matthews Jr.",2017-04-04,2017-04-05
"18548","Nuggets","Darrell Arthur",2017-04-02,2017-04-05
"18549","Nuggets","Jameer Nelson",2017-04-02,2017-04-05
"18551","Pistons","Reggie Bullock",2017-03-27,2017-04-05
"18553","Raptors","Kyle Lowry",2017-02-27,2017-04-05
"18556","Rockets","James Harden",2017-04-02,2017-04-05
"18559","Suns","T.J. Warren",2017-04-02,2017-04-05
"18561","Thunder","Kyle Singler",2017-04-02,2017-04-05
"18564","Celtics","Jordan Mickey",2017-03-12,2017-04-05
"18566","Blazers","Tim Quarterman",2017-04-04,2017-04-06
"18568","Bulls","Cameron Payne",2017-03-30,2017-04-06
"18570","Hawks","Malcolm Delaney",2017-04-02,2017-04-06
"18574","Nets","Isaiah Whitehead",2017-04-04,2017-04-06
"18576","Pacers","Al Jefferson",2017-03-27,2017-04-06
"18579","Wizards","Chris McCullough",2017-03-03,2017-04-06
"18580","Knicks","Kristaps Porzingis",2017-04-04,2017-04-06
"18583","Grizzlies","Mike Conley Jr.",2017-04-05,2017-04-07
"18588","Hawks","Kris Humphries",2017-04-06,2017-04-07
"18590","Jazz","Derrick Favors",2017-03-08,2017-04-07
"18591","Jazz","Rodney Hood",2017-04-04,2017-04-07
"18594","Kings","Anthony Tolliver",2017-04-04,2017-04-07
"18595","Kings","Arron Afflalo",2017-04-04,2017-04-07
"18596","Kings","Darren Collison",2017-04-04,2017-04-07
"18598","Knicks","Chasson Randle",2017-04-06,2017-04-07
"18600","Lakers","D'Angelo Russell",2017-04-05,2017-04-07
"18601","Magic","Evan Fournier",2017-04-06,2017-04-07
"18603","Nuggets","Malik Beasley",2017-04-05,2017-04-07
"18605","Rockets","Chinanu Onuaku",2017-04-05,2017-04-07
"18606","Rockets","Ryan Anderson",2017-03-26,2017-04-07
"18613","Suns","Brandon Knight",2017-04-05,2017-04-07
"18617","Bucks","Jabari Parker",2017-02-15,2017-04-08
"18619","Bulls","Dwyane Wade",2017-03-17,2017-04-08
"18624","Jazz","Raul Neto",2017-04-07,2017-04-08
"18629","Spurs"," Tony Parker",2017-04-07,2017-04-08
"18630","Spurs","Manu Ginobili",2017-04-07,2017-04-08
"18631","Spurs","Kawhi Leonard",2017-04-07,2017-04-08
"18632","Spurs","LaMarcus Aldridge",2017-04-07,2017-04-08
"18633","Spurs","Pau Gasol",2017-04-07,2017-04-08
"18636","Warriors","Kevin Durant",2017-03-02,2017-04-08
"18639","Wizards","Chris McCullough",2017-03-03,2017-04-08
"18640","Wizards","Markieff Morris",2017-04-06,2017-04-08
"18642","Grizzlies","Jarell Martin",2017-04-07,2017-04-09
"18645","Hawks","Dennis Schroder",2017-04-07,2017-04-09
"18646","Hawks","Paul Millsap",2017-04-07,2017-04-09
"18650","Kings","Garrett Temple",2017-04-07,2017-04-09
"18651","Kings","Ty Lawson",2017-04-04,2017-04-09
"18657","Nuggets","Will Barton",2017-03-31,2017-04-09
"18661","Rockets","Clint Capela",2017-04-07,2017-04-09
"18663","Thunder","Andre Roberson",2017-04-07,2017-04-09
"18669","Bucks","John Henson",2017-03-31,2017-04-10
"18670","Bucks","Malcolm Brogdon",2017-04-08,2017-04-10
"18673","Celtics","Amir Johnson",2017-04-08,2017-04-10
"18674","Celtics","James Young",2017-04-08,2017-04-10
"18677","Hornets","Johnny O'Bryant III",2017-03-24,2017-04-10
"18681","Jazz","George Hill",2017-03-29,2017-04-10
"18682","Jazz","Joel Bolomboy",2017-04-08,2017-04-10
"18685","Pistons","Michael Gbinije",2017-04-05,2017-04-10
"18687","Rockets","Trevor Ariza",2017-04-09,2017-04-10
"18689","Spurs","Danny Green",2017-04-02,2017-04-10
"18693","Warriors","Stephen Curry",2017-04-08,2017-04-10
"18696","Heat","Josh McRoberts",2017-01-04,2017-04-10
"18697","Cavaliers","Kay Felder",2017-04-02,2017-04-10
"18701","Hawks","Kris Humphries",2017-04-09,2017-04-11
"18702","Hawks","Thabo Sefolosha",2017-04-01,2017-04-11
"18707","Lakers","Luol Deng",2017-04-07,2017-04-11
"18709","Mavericks","Jose Barea ",2017-04-09,2017-04-11
"18712","Nuggets","Darrell Arthur",2017-04-02,2017-04-11
"18718","Thunder","Alex Abrines",2017-04-05,2017-04-11
"18719","Nuggets","Kenneth Faried",2017-04-09,2017-04-11
"18729","Bucks","Spencer Hawes",2017-04-10,2017-04-12
"18731","Bulls","Rajon Rondo",2017-04-06,2017-04-12
"18735","Cavaliers","Tristan Thompson",2017-04-05,2017-04-12
"18737","Grizzlies","Zach Randolph",2017-04-09,2017-04-12
"18743","Hawks","DeAndre Bembry",2017-04-11,2017-04-12
"18744","Hawks","Ryan Kelly",2017-04-09,2017-04-12
"18746","Jazz","Derrick Favors",2017-04-10,2017-04-12
"18747","Jazz","Gordon Hayward",2017-04-10,2017-04-12
"18748","Jazz","Rodney Hood",2017-04-09,2017-04-12
"18753","Kings","Arron Afflalo",2017-04-11,2017-04-12
"18754","Knicks","Carmelo Anthony",2017-04-07,2017-04-12
"18756","Magic","Jeff Green",2017-03-22,2017-04-12
"18757","Magic","Stephen Zimmerman Jr.",2017-04-08,2017-04-12
"18771","Rockets","Kyle Wiltjer",2017-04-10,2017-04-12
"18772","Rockets","Nene Hilario ",2017-04-09,2017-04-12
"18773","Rockets","Patrick Beverley",2017-04-10,2017-04-12
"18775","Spurs","Dejounte Murray",2017-03-13,2017-04-12
"18777","Thunder","Josh Huestis",2017-02-28,2017-04-12
"18780","Warriors","Damian Jones",2017-03-14,2017-04-12
"18781","Warriors","Klay Thompson",2017-04-10,2017-04-12
"18785","Wizards","Otto Porter Jr.",2017-04-08,2017-04-12
"18786","Wizards","Sheldon Mac",2017-04-08,2017-04-12
"18787","Kings","Darren Collison",2017-04-11,2017-04-12
"18788","Pistons","Beno Udrih",2017-04-10,2017-04-12
"18789","Wizards","John Wall ",2017-04-10,2017-04-12
"18792","Raptors","Bruno Caboclo",2017-04-04,2017-04-12
"18793","Raptors","Pascal Siakam",2017-04-05,2017-04-12
"18800","Bucks","Giannis Antetokounmpo",2017-04-12,2017-04-15
"18801","Bucks","Khris Middleton",2017-04-12,2017-04-15
"18802","Bucks","Tony Snell",2017-04-12,2017-04-15
"18805","Cavaliers","Kevin Love",2017-04-12,2017-04-15
"18806","Cavaliers","Kyrie Irving",2017-04-10,2017-04-15
"18819","Blazers","Al-Farouq Aminu",2017-04-12,2017-04-16
"18820","Blazers","Allen Crabbe",2017-04-08,2017-04-16
"18821","Blazers","C.J. McCollum",2017-04-12,2017-04-16
"18822","Blazers","Damian Lillard",2017-04-12,2017-04-16
"18829","Hawks","Dennis Schroder",2017-04-12,2017-04-16
"18835","Thunder","Doug McDermott",2017-04-11,2017-04-16
"18839","Wizards","Bradley Beal",2017-04-12,2017-04-16
"18840","Wizards","John Wall ",2017-04-12,2017-04-16
"18841","Wizards","Markieff Morris",2017-04-12,2017-04-16
"18842","Wizards","Sheldon Mac",2017-04-14,2017-04-16
"18847","Jazz","Joel Bolomboy",2017-04-15,2017-04-18
"18848","Jazz","Raul Neto",2017-04-15,2017-04-18
"18849","Blazers","Tim Quarterman",2017-04-16,2017-04-19
"18851","Thunder","Kyle Singler",2017-04-16,2017-04-19
"18855","Spurs","Dejounte Murray",2017-04-15,2017-04-20
"18857","Bulls","Cameron Payne",2017-04-16,2017-04-21
"18859","Thunder","Norris Cole ",2017-04-19,2017-04-21
"18860","Blazers","Jusuf Nurkic",2017-04-06,2017-04-22
"18862","Grizzlies","James Ennis",2017-04-12,2017-04-22
"18865","Spurs","Joel Anthony",2017-04-15,2017-04-22
"18868","Bulls","Isaiah Canaan",2017-04-16,2017-04-23
"18870","Clippers","Diamond Stone",2017-04-15,2017-04-23
"18873","Jazz","Rudy Gobert",2017-04-18,2017-04-23
"18875","Jazz","Gordon Hayward",2017-04-23,2017-04-24
"18877","Warriors","Kevin Durant",2017-04-19,2017-04-24
"18879","Clippers","Austin Rivers",2017-04-15,2017-04-25
"18881","Spurs","Dewayne Dedmon",2017-04-22,2017-04-25
"18885","Jazz","Jeff Withey",2017-04-23,2017-04-28
"18888","Raptors","Pascal Siakam",2017-04-15,2017-05-01
"18889","Rockets","Kyle Wiltjer",2017-04-16,2017-05-01
"18890","Rockets","Sam Dekker",2017-04-05,2017-05-01
"18892","Jazz","Joel Bolomboy",2017-04-28,2017-05-02
"18895","Warriors","Matt Barnes",2017-04-16,2017-05-02
"18896","Warriors","Shaun Livingston",2017-04-19,2017-05-02
"18899","Jazz","Jeff Withey",2017-05-02,2017-05-04
"18903","Wizards","Ian Mahinmi",2017-04-12,2017-05-04
"18906","Raptors","Pascal Siakam",2017-04-15,2017-05-05
"18907","Rockets","Kyle Wiltjer",2017-04-16,2017-05-05
"18909","Spurs","Bryn Forbes",2017-04-20,2017-05-05
"18912","Raptors","Kyle Lowry",2017-05-05,2017-05-07
"18913","Raptors","Lucas Nogueira",2017-05-05,2017-05-07
"18917","Rockets","Chinanu Onuaku",2017-04-16,2017-05-09
"18918","Rockets","Kyle Wiltjer",2017-04-16,2017-05-09
"18920","Rockets","Isaiah Taylor",2017-05-09,2017-05-11
"18922","Spurs","Joel Anthony",2017-04-25,2017-05-11
"18925","Spurs","Kawhi Leonard",2017-05-11,2017-05-14
"18928","Spurs","Joel Anthony",2017-04-25,2017-05-16
"18930","Warriors","Damian Jones",2017-05-02,2017-05-16
"18935","Celtics","Jordan Mickey",2017-04-16,2017-05-19
"18938","Warriors","Andre Iguodala",2017-05-16,2017-05-20
"18940","Celtics","James Young",2017-05-19,2017-05-21
"18943","Spurs","Kawhi Leonard",2017-05-16,2017-05-22
"18948","Warriors","Zaza Pachulia",2017-05-20,2017-06-01
